{
    "swagger": "2.0",
    "info": {
        "title": "getOne",
        "x-vb": {
            "dt-serviceAuthentication": {
                "type": "basic",
                "credentials": "oracle_custom_2d0179ee-8f4b-4a5d-b8a9-19d2cc2ab709"
            },
            "dt-wizardType": "rest"
        },
        "version": "1.0.0"
    },
    "schemes": [
        "https"
    ],
    "host": "7B6551B4717C4825AC61471B09559DA9.blockchain.ocp.oraclecloud.com:443",
    "basePath": "/restproxy1/bcsgw/rest/v1/transaction",
    "definitions": {
        "Postquery": {
            "type": "object",
            "properties": {
                "channel": {
                    "type": "string"
                },
                "chaincode": {
                    "type": "string"
                },
                "method": {
                    "type": "string"
                },
                "args": {
                    "type": "array",
                    "items": {
                        "type": "string"
                    }
                },
                "chaincodeVer": {
                    "type": "string"
                }
            }
        },
        "PostqueryResponse": {
            "type": "object",
            "properties": {
                "returnCode": {
                    "type": "string"
                },
                "result": {
                    "$ref": "#/definitions/Result"
                }
            }
        },
        "Result": {
            "type": "object",
            "properties": {
                "payload": {
                    "type": "string"
                },
                "encode": {
                    "type": "string"
                }
            }
        }
    },
    "paths": {
        "/query": {
            "post": {
                "operationId": "postQuery",
                "consumes": [
                    "application/json"
                ],
                "parameters": [
                    {
                        "x-vb": {
                            "examples": {
                                "application/json": "{\"channel\":\"default\",\"chaincode\":\"hse_bc_01\",\"method\":\"readMedicalDevice\",\"args\":[\"01\"],\"chaincodeVer\":\"v1\"}"
                            },
                            "inferred": true
                        },
                        "schema": {
                            "$ref": "#/definitions/Postquery"
                        },
                        "name": "body",
                        "in": "body"
                    }
                ],
                "produces": [
                    "application/json"
                ],
                "responses": {
                    "default": {
                        "examples": {
                            "application/json": "{\n    \"returnCode\": \"Success\",\n    \"result\": {\n        \"payload\": \"{\\\"docType\\\":\\\"medicalDevice\\\",\\\"deviceNumber\\\":\\\"01\\\",\\\"manufacturer\\\":\\\"meditronics\\\",\\\"model\\\":\\\"Reveal LINQ\\\",\\\"locationData\\\":\\\"41.40338, 2.17403\\\",\\\"assemblyDate\\\":\\\"1502688979\\\",\\\"deviceSerialNumber\\\":\\\"000001\\\",\\\"owner\\\":\\\"HSE\\\",\\\"active\\\":\\\"true\\\",\\\"decomissionDate\\\":\\\"1502688979\\\"}\",\n        \"encode\": \"UTF-8\"\n    }\n}"
                        },
                        "schema": {
                            "$ref": "#/definitions/PostqueryResponse"
                        },
                        "description": "The content returned by the server."
                    },
                    "x-vb": {
                        "inferred": {
                            "default": true
                        }
                    }
                },
                "x-vb-actionHint": "retrieveOne"
            }
        }
    }
}