{
    "pageModelVersion": "18.4.1",
    "description": "",
    "routerFlow": "item1",
    "variables": {
        "messagesADP": {
            "type": "vb/ArrayDataProvider",
            "defaultValue": {
                "idAttribute": "id",
                "itemType": "page:messageType"
            }
        },
        "messageId": {
            "type": "number",
            "defaultValue": 0
        }
    },
    "types": {
        "messageType": {
            "id": "string",
            "severity": "string",
            "detail": "string",
            "autoTimeout": "number"
        }
    },
    "chains": {
        "showNotification": {
            "variables": {
                "eventPayload": {
                    "type": "page:messageType",
                    "input": "fromCaller"
                }
            },
            "root": "displayMessage",
            "actions": {
                "displayMessage": {
                    "module": "vb/action/builtin/fireDataProviderEventAction",
                    "parameters": {
                        "target": "{{ $page.variables.messagesADP }}",
                        "add": {
                            "data": "{{ [ $chain.variables.eventPayload ] }}"
                        }
                    },
                    "outcomes": {
                        "success": "updateMessageId"
                    }
                },
                "updateMessageId": {
                    "module": "vb/action/builtin/assignVariablesAction",
                    "parameters": {
                        "$page.variables.messageId": {
                            "source": "{{ $page.variables.messageId + 1 }}"
                        }
                    }
                }
            }
        },
        "closeNotificationHandler": {
            "variables": {
                "eventMessage": {
                    "type": "page:messageType",
                    "input": "fromCaller"
                }
            },
            "root": "removeMessage",
            "actions": {
                "removeMessage": {
                    "module": "vb/action/builtin/fireDataProviderEventAction",
                    "parameters": {
                        "target": "{{ $page.variables.messagesADP }}",
                        "remove": {
                            "keys": "{{ [ $variables.eventMessage.id ] }}"
                        }
                    }
                }
            }
        },
        "bottomBarNavigationChain": {
            "variables": {
                "detail": {
                    "required": true,
                    "type": "object",
                    "input": "fromCaller"
                }
            },
            "root": "switch1",
            "actions": {
                "switch1": {
                    "module": "vb/action/builtin/switchAction",
                    "outcomes": {
                        "item1": "navigateToPage0",
                        "item2": "navigateToPage1"
                    },
                    "parameters": {
                        "caseValue": "{{ $chain.variables.detail.value }}"
                    }
                },
                "navigateToPage0": {
                    "module": "vb/action/builtin/navigateToPageAction",
                    "parameters": {
                        "page": "app/item1"
                    }
                },
                "navigateToPage1": {
                    "module": "vb/action/builtin/navigateToPageAction",
                    "parameters": {
                        "page": "app/item2"
                    }
                }
            }
        }
    },
    "eventListeners": {
        "vbNotification": {
            "chains": [
                {
                    "chainId": "showNotification",
                    "parameters": {
                        "eventPayload": "{{ { id: $page.variables.messageId, detail: $event.message, severity: $event.type, autoTimeout: $event.displayMode === 'transient' ? 0 : -1 } }}"
                    }
                }
            ]
        },
        "onMessageClose": {
            "chains": [
                {
                    "chainId": "closeNotificationHandler",
                    "parameters": {
                        "eventMessage": "{{ $event.detail.message }}"
                    }
                }
            ]
        },
        "bottomBarNavigation": {
            "chains": [
                {
                    "chainId": "bottomBarNavigationChain",
                    "parameters": {
                        "detail": "{{ $event.detail }}"
                    }
                }
            ]
        }
    },
    "imports": {
        "components": {
            "oj-ext-mobile-navigation-bar-bottom": {
                "path": "vb/components/mobile-navigation-bar-bottom/loader"
            },
            "oj-messages": {
                "path": "ojs/ojmessages"
            },
            "oj-menu": {
                "path": "ojs/ojmenu"
            },
            "oj-toolbar": {
                "path": "ojs/ojtoolbar"
            }
        }
    }
}