{
    "fields": [
        {
            "id": "id",
            "internal": true,
            "key": true,
            "oid": "8962e544-9057-4274-945d-929ad50a7b85",
            "required": true,
            "singularName": "Id",
            "type": "number",
            "unique": true
        },
        {
            "id": "creationDate",
            "internal": true,
            "oid": "e26b3bee-ee96-4c1c-81ad-b8521094f246",
            "singularName": "Created",
            "type": "datetime"
        },
        {
            "id": "lastUpdateDate",
            "internal": true,
            "oid": "0a59c791-5586-45fc-8fbd-fae57ffa5426",
            "singularName": "Last Updated",
            "type": "datetime"
        },
        {
            "id": "createdBy",
            "internal": true,
            "oid": "f98cbfbe-255b-420a-b7ab-8968eac5e597",
            "singularName": "Created By",
            "type": "string"
        },
        {
            "id": "lastUpdatedBy",
            "internal": true,
            "oid": "3e7b5460-b2e1-4a2e-bb1f-b090c763d95d",
            "singularName": "Last Updated By",
            "type": "string"
        },
        {
            "hidden": true,
            "id": "abcsChangeNumber",
            "internal": true,
            "oid": "3ce010d3-7b4a-4db0-bee6-445c8421a12e",
            "singularName": "<internal>",
            "type": "number"
        }
    ],
    "id": "BO",
    "oid": "27e21612-da67-4eb1-b3f2-50f96011acf8",
    "singularName": "BO"
}