{
  "pageModelVersion": "18.4.1",
  "title": "",
  "description": "",
  "variables": {},
  "types": {},
  "chains": {
    "FormLayoutClick": {
      "description": "",
      "variables": {
        "detail": {
          "required": true,
          "type": "any",
          "input": "fromCaller"
        }
      },
      "root": "callRestEndpoint1",
      "actions": {
        "callRestEndpoint1": {
          "module": "vb/action/builtin/restAction",
          "parameters": {
            "endpoint": "getOne/postQuery"
          }
        }
      }
    }
  },
  "eventListeners": {
    "ojFormLayout17387093811Click": {
      "chains": [
        {
          "chainId": "FormLayoutClick",
          "parameters": {
            "detail": "{{ $event.detail }}"
          }
        }
      ]
    }
  },
  "imports": {
    "components": {
      "oj-ext-mobile-page-template": {
        "path": "vb/components/mobile-page-template/loader"
      },
      "oj-form-layout": {
        "path": "ojs/ojformlayout"
      },
      "oj-input-text": {
        "path": "ojs/ojinputtext"
      },
      "oj-label": {
        "path": "ojs/ojlabel"
      },
      "oj-button": {
        "path": "ojs/ojbutton"
      }
    }
  }
}