{
    "applicationModelVersion": "18.4.1",
    "id": "starter",
    "description": "A new VB app",
    "defaultPage": "app",
    "chains": {},
    "services": {
        "getOne": "../../services/getOne/service.json"
      },
    "translations": {
        "app": {
            "path": "./resources/strings/app/nls/app-strings"
        }
    },
    "types": {},
    "variables": {},
    "userConfig": {
        "type": "vb/DefaultSecurityProvider",
        "configuration": {}
    },
    "security": {}
}